line70,line32A,line50F,line59F
b97ff3852725a79b874b0a2010f5cc3c,"061222GBP1,00",1/ONE MOON MARINE RESVICES L.L.C,1/ONE MOON MARINE RESVICES L.L.C
4aaffa90aaa539212ff007b0e95be658,"061222GBP1,00",1/VOLKOV ALIA ALIAKSANDRAVICH,
ab49fdddc41e285870444fad0d7e507e,"061222GBP1,00",1/PAULICHENKA DMITERIY VALERIEVICH,1/PAULICHENKA DMITERIY VALERIEVICH
b69a42ef382fa7dd9152902b71ec48d2,"061222GBP1,00",1/LAROSA VALENTINOVNA TOLSTYKINA,1/LAROSA VALENTINOVNA TOLSTYKINA
8c57745a45811809b017d43e61008d57,"061222GBP1,00",1/TENENBAUM EUENE,1/TENENBAUM EUENE
3d16e03e0ed2e92c35cc621e32082c77,"061222GBP1,00",1/A PETROVICH VETENEVICH,1/A PETROVICH VETENEVICH
9c4a9c46174782ff3896dc98a5e93fbd,"061222GBP1,00",1/HENGSHUIYUANCHEMNITROCELLULOSE,1/HENGSHUIYUANCHEMNITROCELLULOSE
54a719956b764c34914e5c3207e70bba,"061222GBP1,00",1/MALYSHEV MIKHAILG RIGORYEVICH,1/MALYSHEV MIKHAILG RIGORYEVICH
de7c60b4c7c228a3dd2be4a07888a881,"061222GBP1,00",1/RADAR,1/RADAR
e78e4441192ce1f9e142df15ab043904,"061222GBP1,00","1/LIMITED LIABILITY COMPANY RUSHIM
1/ALIANS","1/LIMITED LIABILITY COMPANY RUSHIM
1/ALIANS"
9a57be42cfe3b6805cfabd1b5fd0f3fd,"061222GBP1,00",1/ELENA VLADIMIROVNA MICHAILOFA,1/ELENA VLADIMIROVNA MICHAILOFA
39f21b305537dcc9743976ba4ed96845,"061222GBP1,00",1/ALEKSANDR.SERGEEVICH.KOTOV,1/ALEKSANDR.SERGEEVICH.KOTOV
58f86acf8f7b98c86a63a8901886e59c,"061222GBP1,00","1/ROMAN PROKOPY GRIGORYEVICH
1/LYSENKO","1/ROMAN PROKOPY GRIGORYEVICH
1/LYSENKO"
a7ddf0b6ebd07ce29676af0b945c7317,"061222GBP1,00",1/BIDYOVKA VLAD ANATOLIEVICH,1/BIDYOVKA VLAD ANATOLIEVICH
